{
  "baseline": {
    "ppl": 30.00037236319303,
    "time_s": 4.811672687530518
  },
  "hybrid_lam0.0_eps0.1": {
    "ppl": 41.52109018900167,
    "lambda": 0.0,
    "epsilon": 0.1,
    "time_s": 4.697953224182129
  },
  "hybrid_lam0.25_eps0.1": {
    "ppl": 35.94722973063663,
    "lambda": 0.25,
    "epsilon": 0.1,
    "time_s": 4.328169107437134
  },
  "hybrid_lam0.5_eps0.1": {
    "ppl": 32.395231755417015,
    "lambda": 0.5,
    "epsilon": 0.1,
    "time_s": 4.322404146194458
  },
  "hybrid_lam0.75_eps0.1": {
    "ppl": 31.796016059863092,
    "lambda": 0.75,
    "epsilon": 0.1,
    "time_s": 4.366584300994873
  },
  "hybrid_lam1.0_eps0.1": {
    "ppl": 32.22352340965141,
    "lambda": 1.0,
    "epsilon": 0.1,
    "time_s": 4.373017072677612
  }
}