{
  "baseline": 39.16269397612951,
  "sweep": {
    "0.0": {
      "ppl": 39.16269397612951,
      "delta": 0.0,
      "ratio": 1.0
    },
    "0.1": {
      "ppl": 39.191388096699626,
      "delta": 0.028694120570115444,
      "ratio": 1.000732690161397
    },
    "0.5": {
      "ppl": 39.392836473300484,
      "delta": 0.23014249717097357,
      "ratio": 1.0058765747144782
    },
    "1.0": {
      "ppl": 40.21885588418729,
      "delta": 1.0561619080577813,
      "ratio": 1.026968571383305
    },
    "2.0": {
      "ppl": 42.48995003171629,
      "delta": 3.32725605558678,
      "ratio": 1.084959835950377
    },
    "5.0": {
      "ppl": 59.70139988299359,
      "delta": 20.53870590686408,
      "ratio": 1.5244456859730553
    }
  }
}