{
  "baseline_ppl": 25.722672911077304,
  "baseline_time_s": 68.78046989440918,
  "base_bonus": 0.2,
  "tuning": "entropy_weighted",
  "sweeps": [
    {
      "num_bubbles": 16,
      "ppl": 26.043235130571432,
      "delta_ppl": 0.32056221949412844,
      "delta_pct": 1.2462243741243562,
      "time_s": 74.58560562133789,
      "per_layer_bonuses": [
        0.2,
        0.2,
        0.2,
        0.2,
        0.2,
        0.2,
        0.2,
        0.2,
        0.2,
        0.2,
        0.2,
        0.2,
        0.2,
        0.2,
        0.2,
        0.2,
        0.2,
        0.2,
        0.2,
        0.2,
        0.2,
        0.2,
        0.2,
        0.2,
        0.2,
        0.2,
        0.2,
        0.2
      ]
    },
    {
      "num_bubbles": 32,
      "ppl": 26.04770915203328,
      "delta_ppl": 0.3250362409559777,
      "delta_pct": 1.2636176733250881,
      "time_s": 74.54236078262329,
      "per_layer_bonuses": [
        0.1236,
        0.1914,
        0.01,
        0.1724,
        0.0292,
        0.2487,
        0.1544,
        0.2045,
        0.2298,
        0.1977,
        0.1256,
        0.2843,
        0.2459,
        0.2663,
        0.1562,
        0.1898,
        0.2676,
        0.1999,
        0.2519,
        0.1674,
        0.078,
        0.2439,
        0.2402,
        0.259,
        0.2541,
        0.264,
        0.3109,
        0.2403
      ]
    },
    {
      "num_bubbles": 64,
      "ppl": 26.043432497666576,
      "delta_ppl": 0.32075958658927206,
      "delta_pct": 1.246991662562171,
      "time_s": 74.83564758300781,
      "per_layer_bonuses": [
        0.2,
        0.2,
        0.2,
        0.2,
        0.2,
        0.2,
        0.2,
        0.2,
        0.2,
        0.2,
        0.2,
        0.2,
        0.2,
        0.2,
        0.2,
        0.2,
        0.2,
        0.2,
        0.2,
        0.2,
        0.2,
        0.2,
        0.2,
        0.2,
        0.2,
        0.2,
        0.2,
        0.2
      ]
    }
  ],
  "config": {
    "model": "Qwen/Qwen3-0.6B",
    "base_bonus": 0.2,
    "tuning": "entropy_weighted",
    "dataset": "wikitext-2-raw-v1",
    "max_chars": 40000,
    "max_length": 512,
    "stride": 256,
    "device": "cuda",
    "dtype": "torch.float16",
    "eps": 0.005,
    "top_k": 64
  }
}