{
  "baseline_ppl": 25.722672911077304,
  "baseline_time_s": 68.36946511268616,
  "sweeps": [
    {
      "base_bonus": 0.2,
      "strategy": "entropy_weighted",
      "ppl": 25.954675355426293,
      "delta_ppl": 0.2320024443489892,
      "delta_pct": 0.9019375441697539,
      "time_s": 74.60859775543213,
      "per_layer_bonuses": [
        0.1236,
        0.1914,
        0.01,
        0.1724,
        0.0292,
        0.2487,
        0.1544,
        0.2045,
        0.2298,
        0.1977,
        0.1256,
        0.2843,
        0.2459,
        0.2663,
        0.1562,
        0.1898,
        0.2676,
        0.1999,
        0.2519,
        0.1674,
        0.078,
        0.2439,
        0.2402,
        0.259,
        0.2541,
        0.264,
        0.3109,
        0.2403
      ]
    },
    {
      "base_bonus": 0.3,
      "strategy": "entropy_weighted",
      "ppl": 26.114521461436933,
      "delta_ppl": 0.3918485503596294,
      "delta_pct": 1.5233586016283802,
      "time_s": 74.32042694091797,
      "per_layer_bonuses": [
        0.1853,
        0.2871,
        0.01,
        0.2586,
        0.0438,
        0.3731,
        0.2316,
        0.3068,
        0.3447,
        0.2965,
        0.1885,
        0.4264,
        0.3688,
        0.3995,
        0.2343,
        0.2847,
        0.4015,
        0.2999,
        0.3779,
        0.251,
        0.1171,
        0.3658,
        0.3604,
        0.3885,
        0.3812,
        0.3961,
        0.4663,
        0.3605
      ]
    },
    {
      "base_bonus": 0.5,
      "strategy": "entropy_weighted",
      "ppl": 27.097108641654625,
      "delta_ppl": 1.3744357305773214,
      "delta_pct": 5.3432850284599684,
      "time_s": 74.30176448822021,
      "per_layer_bonuses": [
        0.3089,
        0.4786,
        0.01,
        0.4311,
        0.0731,
        0.6218,
        0.386,
        0.5113,
        0.5745,
        0.4942,
        0.3141,
        0.7107,
        0.6146,
        0.6658,
        0.3905,
        0.4745,
        0.6691,
        0.4998,
        0.6298,
        0.4184,
        0.1951,
        0.6097,
        0.6006,
        0.6474,
        0.6353,
        0.6601,
        0.7772,
        0.6008
      ]
    }
  ],
  "uniform_comparison": {
    "0.1": 1.04,
    "0.2": 2.07,
    "0.3": 3.04,
    "0.5": 3.67
  },
  "config": {
    "model": "Qwen/Qwen3-0.6B",
    "num_bubbles": 32,
    "dataset": "wikitext-2-raw-v1",
    "max_chars": 40000,
    "max_length": 512,
    "stride": 256,
    "device": "cuda",
    "dtype": "torch.float16",
    "tuning_strategy": "bonus[layer] = base * entropy_ratio[layer] / avg_entropy_ratio",
    "entropy_source": "C:\\Users\\negocio\\Desktop\\LLM-BUBBLE\\bubble_assignment_analysis.json"
  }
}