{
  "baseline": {
    "ppl": 22.514710254589676,
    "time_s": 42.89348006248474
  },
  "hybrid_lam0.5_eps0.1": {
    "ppl": 50.296457913729014,
    "lambda": 0.5,
    "epsilon": 0.1,
    "time_s": 52.88644552230835
  },
  "hybrid_lam0.75_eps0.1": {
    "ppl": 34.61896721174627,
    "lambda": 0.75,
    "epsilon": 0.1,
    "time_s": 51.84919095039368
  },
  "hybrid_lam1.0_eps0.1": {
    "ppl": 32.72436107075554,
    "lambda": 1.0,
    "epsilon": 0.1,
    "time_s": 51.82308840751648
  }
}