{
  "baseline": {
    "ppl": 23.368971654270148,
    "time_s": 18.179561138153076
  },
  "L00_lam1.0": {
    "layer": 0,
    "lambda": 1.0,
    "ppl": 69627.94776476719,
    "delta_ppl": 69604.57879311292,
    "time_s": 18.942103385925293
  },
  "L03_lam1.0": {
    "layer": 3,
    "lambda": 1.0,
    "ppl": 24.30957303330866,
    "delta_ppl": 0.9406013790385117,
    "time_s": 17.559893131256104
  },
  "L07_lam1.0": {
    "layer": 7,
    "lambda": 1.0,
    "ppl": 24.590962696256586,
    "delta_ppl": 1.2219910419864384,
    "time_s": 17.603414058685303
  },
  "L11_lam1.0": {
    "layer": 11,
    "lambda": 1.0,
    "ppl": 25.2412565504425,
    "delta_ppl": 1.8722848961723528,
    "time_s": 17.602851629257202
  },
  "L15_lam1.0": {
    "layer": 15,
    "lambda": 1.0,
    "ppl": 24.800346187117533,
    "delta_ppl": 1.4313745328473857,
    "time_s": 17.580785989761353
  },
  "L19_lam1.0": {
    "layer": 19,
    "lambda": 1.0,
    "ppl": 25.918742637971516,
    "delta_ppl": 2.549770983701368,
    "time_s": 17.588160514831543
  },
  "L23_lam1.0": {
    "layer": 23,
    "lambda": 1.0,
    "ppl": 24.968870465519633,
    "delta_ppl": 1.599898811249485,
    "time_s": 17.596096992492676
  },
  "L27_lam1.0": {
    "layer": 27,
    "lambda": 1.0,
    "ppl": 25.223517942042598,
    "delta_ppl": 1.8545462877724503,
    "time_s": 17.711477279663086
  }
}