{
  "baseline": {
    "ppl": 22.514710254589676,
    "time_s": 42.66443705558777
  },
  "hybrid_lam1.0_eps0.1": {
    "ppl": 142.77149954436783,
    "lambda": 1.0,
    "epsilon": 0.1,
    "time_s": 68.29365158081055
  }
}