{
  "mode": "real (Qwen3-0.6B)",
  "d_model": 1024,
  "n_samples": 1,
  "seq_len": 64,
  "baseline_layer_7": {
    "effective_rank": 13.096896171569824,
    "intrinsic_dim_mle": 1.0,
    "anisotropy_index": 0.9994497920396784,
    "pairwise_dist_mean": 106.19603701133228,
    "pairwise_dist_std": 764.4295946915121,
    "pairwise_dist_min": 0.0,
    "pairwise_dist_max": 6907.428857708304,
    "pairwise_dist_median": 0.0,
    "pairwise_dist_cv": 7.198287395695746,
    "spectral_log_det": 2063.09814453125,
    "trace_estimate": 269430.76299459493,
    "trace_deterministic": 1905716864.0,
    "iso_score_k10": 0.9996654391288757,
    "spectral_decay_rate": 0.9705032478230288,
    "collapse_score": 0.7900221341027207,
    "crowding_ratio_k10": 0.018125,
    "mean_nearest_neighbor_dist": 0.7893951535224915,
    "clustering_coefficient": 0.04427430555555557,
    "space_coverage": 0.4175
  },
  "hybrid_lam_0.5": [
    {
      "eps": 0.001,
      "lam": 0.5,
      "rank_ratio": 1.4757162826635315,
      "effective_rank": 19.327302932739258,
      "intrinsic_dim_mle": 1.0,
      "anisotropy_index": 0.12246922179051722,
      "pairwise_dist_mean": 23.1633979401143,
      "pairwise_dist_std": 22.019794744132735,
      "pairwise_dist_min": 0.0,
      "pairwise_dist_max": 74.25670809157776,
      "pairwise_dist_median": 29.818614816766935,
      "pairwise_dist_cv": 0.9506288671921888,
      "spectral_log_det": 147.031982421875,
      "trace_estimate": 502.60195563320764,
      "trace_deterministic": 32174.546875,
      "iso_score_k10": 0.7723606824874878,
      "spectral_decay_rate": 1.5541869279384224,
      "collapse_score": 0.5793954133987427,
      "crowding_ratio_k10": 0.0,
      "mean_nearest_neighbor_dist": 0.19408400620830374,
      "clustering_coefficient": 0.0,
      "space_coverage": 0.045,
      "cost_condition_number": 671736320.0,
      "cost_spectral_gap": 1.524406909942627,
      "concentration_ratio": 0.5048828125,
      "attention_entropy": 3.486215353012085
    },
    {
      "eps": 0.01,
      "lam": 0.5,
      "rank_ratio": 1.4671640929197949,
      "effective_rank": 19.215295791625977,
      "intrinsic_dim_mle": 1.0,
      "anisotropy_index": 0.12457766636646936,
      "pairwise_dist_mean": 22.87380895102238,
      "pairwise_dist_std": 21.754470315501454,
      "pairwise_dist_min": 0.0,
      "pairwise_dist_max": 73.87272357156154,
      "pairwise_dist_median": 28.065861046758375,
      "pairwise_dist_cv": 0.951064615520849,
      "spectral_log_det": 136.15098571777344,
      "trace_estimate": 489.13735978441787,
      "trace_deterministic": 31388.74609375,
      "iso_score_k10": 0.77664715051651,
      "spectral_decay_rate": 1.574517491265938,
      "collapse_score": 0.6000000238418579,
      "crowding_ratio_k10": 0.0,
      "mean_nearest_neighbor_dist": 0.19071820260535247,
      "clustering_coefficient": 0.022222222222222223,
      "space_coverage": 0.045,
      "cost_condition_number": 895.6994018554688,
      "cost_spectral_gap": 1.3932898044586182,
      "concentration_ratio": 0.521240234375,
      "attention_entropy": 3.779728412628174
    },
    {
      "eps": 0.1,
      "lam": 0.5,
      "rank_ratio": 1.4639940855267033,
      "effective_rank": 19.173778533935547,
      "intrinsic_dim_mle": 1.0,
      "anisotropy_index": 0.12550307518606962,
      "pairwise_dist_mean": 22.749355355225656,
      "pairwise_dist_std": 21.647563297708274,
      "pairwise_dist_min": 0.0,
      "pairwise_dist_max": 73.65047047383509,
      "pairwise_dist_median": 27.538178284687827,
      "pairwise_dist_cv": 0.9515682075244257,
      "spectral_log_det": 145.554931640625,
      "trace_estimate": 484.15709604511096,
      "trace_deterministic": 31063.734375,
      "iso_score_k10": 0.7778986096382141,
      "spectral_decay_rate": 1.5827461097597126,
      "collapse_score": 0.5855957269668579,
      "crowding_ratio_k10": 0.0,
      "mean_nearest_neighbor_dist": 0.19032761393365732,
      "clustering_coefficient": 0.0,
      "space_coverage": 0.05,
      "cost_condition_number": 5972.89208984375,
      "cost_spectral_gap": 18.569414138793945,
      "concentration_ratio": 0.6181640625,
      "attention_entropy": 4.1559953689575195
    },
    {
      "eps": 1.0,
      "lam": 0.5,
      "rank_ratio": 1.4639620461263965,
      "effective_rank": 19.173358917236328,
      "intrinsic_dim_mle": 1.0,
      "anisotropy_index": 0.12550495014224514,
      "pairwise_dist_mean": 22.749212122337052,
      "pairwise_dist_std": 21.647626835359123,
      "pairwise_dist_min": 0.0,
      "pairwise_dist_max": 73.66132839322093,
      "pairwise_dist_median": 27.527983067832594,
      "pairwise_dist_cv": 0.9515769917193615,
      "spectral_log_det": 136.7222137451172,
      "trace_estimate": 484.16826069304335,
      "trace_deterministic": 31063.61328125,
      "iso_score_k10": 0.777908205986023,
      "spectral_decay_rate": 1.579721549286098,
      "collapse_score": 0.5999999642372131,
      "crowding_ratio_k10": 0.0,
      "mean_nearest_neighbor_dist": 0.19033614195875315,
      "clustering_coefficient": 0.0,
      "space_coverage": 0.0525,
      "cost_condition_number": 41904.0390625,
      "cost_spectral_gap": 240.60964965820312,
      "concentration_ratio": 0.63916015625,
      "attention_entropy": 4.158860683441162
    }
  ],
  "plateau_legacy": [
    {
      "eps": 0.001,
      "rank_ratio": 1.1525507986512287,
      "effective_rank": 15.09483814239502,
      "intrinsic_dim_mle": 1.0,
      "anisotropy_index": 0.2978567536082361,
      "pairwise_dist_mean": 10.916495023661316,
      "pairwise_dist_std": 13.731360506112049,
      "pairwise_dist_min": 0.0,
      "pairwise_dist_max": 54.70410535027658,
      "pairwise_dist_median": 0.567800361217499,
      "pairwise_dist_cv": 1.2578543274512157,
      "spectral_log_det": 66.24918365478516,
      "trace_estimate": 156.86446637629035,
      "trace_deterministic": 9693.18359375,
      "iso_score_k10": 0.9216620326042175,
      "spectral_decay_rate": 3.174837889409832,
      "collapse_score": 0.6884722949989117,
      "crowding_ratio_k10": 0.0,
      "mean_nearest_neighbor_dist": 0.18641565823774542,
      "clustering_coefficient": 0.0,
      "space_coverage": 0.0525,
      "cost_condition_number": 671825280.0,
      "cost_spectral_gap": 1.5244052410125732,
      "concentration_ratio": 0.5048828125,
      "attention_entropy": 3.4862160682678223
    },
    {
      "eps": 0.01,
      "rank_ratio": 1.3640755748287112,
      "effective_rank": 17.865156173706055,
      "intrinsic_dim_mle": 1.0,
      "anisotropy_index": 0.3120991763594183,
      "pairwise_dist_mean": 6.160446827365672,
      "pairwise_dist_std": 6.388757416144242,
      "pairwise_dist_min": 0.0,
      "pairwise_dist_max": 23.715427733739535,
      "pairwise_dist_median": 6.277638158176854,
      "pairwise_dist_cv": 1.0370607189992094,
      "spectral_log_det": 74.25552368164062,
      "trace_estimate": 38.623612819121426,
      "trace_deterministic": 2481.170654296875,
      "iso_score_k10": 0.8502665758132935,
      "spectral_decay_rate": 1.701125539342343,
      "collapse_score": 0.6749939565458299,
      "crowding_ratio_k10": 0.0,
      "mean_nearest_neighbor_dist": 0.13278486623420804,
      "clustering_coefficient": 1.0,
      "space_coverage": 0.055,
      "cost_condition_number": 895.7611083984375,
      "cost_spectral_gap": 1.393289566040039,
      "concentration_ratio": 0.521240234375,
      "attention_entropy": 3.779728412628174
    },
    {
      "eps": 0.1,
      "rank_ratio": 1.2299225280018897,
      "effective_rank": 16.10816764831543,
      "intrinsic_dim_mle": 1.0,
      "anisotropy_index": 0.360786476116961,
      "pairwise_dist_mean": 0.4182714379662365,
      "pairwise_dist_std": 0.4264542439711145,
      "pairwise_dist_min": 0.0,
      "pairwise_dist_max": 1.5874097996018932,
      "pairwise_dist_median": 0.4536383635479079,
      "pairwise_dist_cv": 1.0195633869830205,
      "spectral_log_det": -52.90211486816406,