{
  "baseline": {
    "ppl": 22.514710254589676,
    "time_s": 43.49298453330994
  },
  "hybrid_lam0.0_eps0.1": {
    "ppl": 16381.733906518184,
    "lambda": 0.0,
    "epsilon": 0.1,
    "time_s": 129.77592182159424
  },
  "hybrid_lam0.25_eps0.1": {
    "ppl": 253913.31832960167,
    "lambda": 0.25,
    "epsilon": 0.1,
    "time_s": 126.52491569519043
  },
  "hybrid_lam0.5_eps0.1": {
    "ppl": 2995695.2133566258,
    "lambda": 0.5,
    "epsilon": 0.1,
    "time_s": 128.42625069618225
  },
  "hybrid_lam0.75_eps0.1": {
    "ppl": 3776682.0824023886,
    "lambda": 0.75,
    "epsilon": 0.1,
    "time_s": 129.20370364189148
  },
  "hybrid_lam1.0_eps0.1": {
    "ppl": NaN,
    "lambda": 1.0,
    "epsilon": 0.1,
    "time_s": 125.77214813232422
  }
}